meeting_key,session_key,driver_number,lap_number,date_start,duration_sector_1,duration_sector_2,duration_sector_3,i1_speed,i2_speed,is_pit_out_lap,lap_duration,segments_sector_1,segments_sector_2,segments_sector_3,st_speed
1219,9161,2,1,,,53.111,30.919,300,273,true,,2064,2064,2064,2051,2051,2049,2049,2051,2049,2049,2049,2049,2049,2049,2049,2051,2049,2049,2051,2051,2051,2051,2051,2051,
1219,9161,20,1,,,50.156,37.076,229,254,true,,2064,2064,2064,2049,2049,2049,2049,2049,2049,2049,2049,2049,2049,2049,2049,2049,2051,2049,2049,2049,2049,2051,2051,
1219,9161,40,1,2023-09-16T13:00:06.778000+00:00,,55.074,41.197,234,242,true,,2064,2064,2064,2049,2049,2049,2049,2049,2049,2049,2049,2049,2049,2049,2049,2049,2049,2049,2049,2049,2049,2049,2049,2049,
1219,9161,27,1,2023-09-16T13:00:12.465000+00:00,,48.363,35.567,279,253,true,,2064,2064,2064,2049,2049,2049,2049,2049,2049,2049,2049,2049,2049,2049,2049,2049,2049,2049,2049,2049,2049,2049,2049,
1219,9161,77,1,2023-09-16T13:00:14.622000+00:00,,47.877,43.931,279,253,true,,2064,2064,2064,2049,2049,2049,2049,2049,2049,2051,2049,2049,2049,2049,2049,2049,2049,2051,2049,2049,2049,2049,2049,2049,
1219,9161,24,1,2023-09-16T13:00:17.965000+00:00,,49.824,34.739,239,250,true,,2064,2064,2064,2049,2049,2049,2049,2049,2049,2049,2049,2049,2049,2049,2049,2049,2049,2049,2049,2049,2049,2049,2049,
1219,9161,4,1,2023-09-16T13:00:35.231000+00:00,,49.642,35.501,265,246,true,,2064,2064,2064,2049,2049,2049,2049,2049,2049,2049,2051,2049,2049,2049,2051,2049,2049,2049,2049,2049,2051,2051,2051,2049,
1219,9161,11,1,2023-09-16T13:00:46.480000+00:00,,50.182,39.979,279,242,true,,2064,2064,2064,2049,2049,2049,2049,2049,2049,2049,2049,2049,2051,2051,2049,2049,2049,2049,2049,2051,2051,2049,2049,2049,
1219,9161,1,1,2023-09-16T13:00:59.308000+00:00,,49.611,42.252,263,255,true,,2064,2064,2064,2049,2049,2049,2049,2049,2049,2049,2049,2049,2049,2049,2049,2049,2049,2049,2049,2049,2049,2051,2051,2051,
1219,9161,55,1,2023-09-16T13:01:02.636000+00:00,,51.737,42.765,271,250,true,,2064,2064,2064,2049,2049,2049,2049,2049,2049,2049,2049,2049,2049,2049,2049,2049,2049,2049,2049,2049,2049,2049,2049,
1219,9161,16,1,2023-09-16T13:01:06.339000+00:00,,50.749,44.593,226,250,true,,2064,2064,2064,2049,2049,2049,2049,2049,2049,2049,2049,2049,2049,2049,2049,2049,2049,2049,2049,2049,2049,2049,2049,
1219,9161,81,1,2023-09-16T13:01:08.777000+00:00,,52.465,49.196,278,246,true,,2064,2064,2064,2049,2049,2049,2049,2049,2049,2049,2049,2049,2049,2049,2049,2049,2049,2049,2049,2049,2049,2049,2049,
1219,9161,18,1,2023-09-16T13:01:16.042000+00:00,,49.924,51.242,274,258,true,,2064,2064,2064,2049,2049,2049,2049,2049,2049,2049,2049,2049,2049,2049,2049,2049,2049,2049,2049,2049,2049,2049,2049,
1219,9161,2,2,2023-09-16T13:01:59.932000+00:00,28.244,40.273,26.581,309,279,false,95.098,2049,2049,2049,2049,2049,2049,2049,2049,2049,2049,2049,2049,2049,2049,2049,2049,2049,2051,2051,2051,2051,2051,2048,300
1219,9161,20,2,2023-09-16T13:02:07.338000+00:00,27.382,39.373,26.445,311,279,false,93.2,2049,2049,2049,2049,2049,2049,2051,2049,2049,2049,2049,2051,2051,2049,2051,2049,2049,2049,2049,2049,2049,2051,2049,2049,301
1219,9161,27,2,2023-09-16T13:02:13.635000+00:00,27.39,39.689,26.629,312,280,false,93.708,2049,2049,2049,2049,2049,2049,2049,2049,2049,2049,2049,2049,2049,2049,2049,2049,2049,2049,2049,2049,2049,2049,2049,301
1219,9161,40,2,2023-09-16T13:02:19.948000+00:00,27.57,39.348,26.683,306,276,false,93.601,2049,2049,2049,2051,2049,2049,2049,2049,2049,2049,2049,2049,2049,2049,2049,2049,2049,2049,2049,2049,2049,2049,2049,296
1219,9161,77,2,2023-09-16T13:02:25.322000+00:00,27.936,39.407,26.447,307,277,false,93.79,2049,2049,2049,2049,2049,2049,2049,2049,2049,2049,2049,2049,2049,2049,2049,2049,2049,2049,2049,2049,2049,2049,2049,297
1219,9161,24,2,2023-09-16T13:02:30.291000+00:00,27.679,39.831,26.923,309,278,false,94.433,2049,2049,2049,2049,2049,2049,2049,2049,2049,2049,2049,2049,2049,2049,2049,2051,2049,2049,2049,2049,2049,2049,2049,2049,299
1219,9161,4,2,2023-09-16T13:02:39.822000+00:00,27.252,39.192,26.112,309,279,false,92.556,2049,2049,2049,2049,2051,2049,2049,2049,2049,2049,2049,2049,2049,2049,2049,2049,2051,2049,2051,2051,2051,2049,2049,300
1219,9161,11,2,2023-09-16T13:02:50.885000+00:00,27.256,39.015,26.292,309,278,false,92.563,2049,2051,2049,2049,2049,2049,2049,2049,2051,2051,2049,2049,2051,2049,2049,2049,2049,2049,2049,2049,2049,2049,2049,300
1219,9161,1,2,2023-09-16T13:03:04.650000+00:00,27.348,39.244,26.27,305,276,false,92.862,2051,2049,2049,2049,2049,2049,2049,2049,2049,2049,2049,2049,2049,2051,2049,2049,2049,2049,2049,2049,2049,2051,2048,300
1219,9161,55,2,2023-09-16T13:03:14.244000+00:00,27.296,39.411,26.258,311,280,false,92.965,2049,2049,2049,2049,2049,2049,2049,2049,2049,2049,2049,2049,2049,2049,2049,2049,2049,2049,2049,2049,2049,2049,2049,302
1219,9161,16,2,2023-09-16T13:03:23.275000+00:00,27.262,39.04,26.221,311,280,false,92.523,2049,2049,2049,2049,2049,2051,2051,2051,2049,2049,2049,2051,2049,2049,2049,2049,2049,2051,2049,2049,2049,2049,2049,2049,301
1219,9161,81,2,2023-09-16T13:03:30.681000+00:00,27.334,39.326,26.242,308,278,false,92.902,2049,2049,2051,2049,2049,2049,2049,2049,2049,2049,2051,2049,2049,2049,2049,2049,2049,2049,2049,2049,2049,2049,2051,299
1219,9161,63,1,2023-09-16T13:03:31.040000+00:00,,51.687,37.673,246,254,true,,2064,2064,2064,2049,2049,2049,2049,2049,2049,2049,2049,2049,2049,2049,2049,2049,2049,2049,2049,2049,2049,2049,2049,2049,
1219,9161,2,3,2023-09-16T13:03:35.024000+00:00,29.402,42.227,36.358,283,255,false,107.987,2048,2048,2049,2049,2048,2048,2048,2048,2048,2048,2049,2048,2048,2048,2048,2048,2048,2048,2048,2048,2048,2064,2064,2064,286
1219,9161,44,1,2023-09-16T13:03:37.118000+00:00,,52.424,38.905,250,236,true,,2064,2064,2064,2049,2049,2049,2049,2049,2049,2049,2049,2049,2049,2049,2049,2049,2049,2049,2049,2049,2049,2049,2049,2049,
1219,9161,18,2,2023-09-16T13:03:38.009000+00:00,27.634,49.005,36.318,311,225,false,112.957,2049,2049,2049,2049,2049,2049,2049,2049,2049,2049,2049,2049,2048,2048,2048,2048,2048,2049,2049,2049,2049,2049,2049,301
1219,9161,20,3,2023-09-16T13:03:40.540000+00:00,45.321,63.848,41.799,135,216,false,150.968,,2048,2048,2048,2048,2048,2048,2048,2048,2048,2048,2048,2048,2048,2048,2048,2048,2048,2048,2048,2048,2048,2048,2048,290
1219,9161,27,3,2023-09-16T13:03:47.415000+00:00,45.997,60.921,38.118,147,195,false,145.036,2048,2048,2048,2048,2048,2048,2048,2048,2048,2048,2048,2048,2048,2048,2048,2048,2048,2048,2048,2048,2048,2048,2048,2048,223
1219,9161,40,3,2023-09-16T13:03:53.524000+00:00,33.801,49.503,77.169,246,234,false,160.473,2048,2048,2048,2048,2048,2048,2048,2048,2048,2048,2048,2048,2048,2048,2048,2048,2048,2048,2048,2048,2048,2064,2064,2064,264
1219,9161,77,3,2023-09-16T13:03:59.040000+00:00,39.898,58.946,40.414,191,163,false,139.258,2048,2048,2048,2048,2048,2048,2048,2048,2048,2048,2048,2048,2048,2048,2048,2048,2048,2048,2048,2048,2048,2048,2048,2048,211
1219,9161,24,3,2023-09-16T13:04:04.899000+00:00,42.936,58.852,39.026,161,184,false,140.814,2048,2048,2048,2048,2048,2048,2048,2048,2048,2048,2048,2048,2048,2048,2048,2048,2048,2048,2048,2048,2048,2048,2048,2048,230
1219,9161,4,3,2023-09-16T13:04:12.352000+00:00,47.299,64.773,44.397,138,140,false,156.469,2048,2048,2048,2048,2048,2048,2048,2048,2048,2048,2048,2048,2048,2048,2048,2048,2048,2048,2048,2048,2048,2048,2048,2048,234
1219,9161,11,3,2023-09-16T13:04:23.461000+00:00,46.143,70.009,49.014,140,158,false,165.166,2048,2048,2048,2048,2048,2048,2048,2048,2048,2048,2048,2048,2048,2048,2048,2048,2048,2048,2048,2048,2048,2048,2048,2048,217
1219,9161,1,3,2023-09-16T13:04:37.351000+00:00,49.824,61.633,40.268,137,164,false,151.725,2048,2048,2048,2048,2048,2048,2048,2048,2048,2048,2048,2048,2048,2048,2048,2048,2048,2048,2048,2048,2048,2048,2048,2048,226
1219,9161,55,3,2023-09-16T13:04:47.226000+00:00,45.025,68.058,48.809,133,159,false,161.892,2048,2048,2048,2048,2048,2048,2048,2048,2048,2048,2048,2048,2048,2048,2048,2048,2048,2048,2048,2048,2048,2048,2048,217
1219,9161,14,1,2023-09-16T13:04:48.492000+00:00,,57.911,40.064,228,237,true,,2064,2064,2064,2049,2049,2049,2049,2049,2049,2049,2049,2049,2049,2049,2049,2049,2049,2049,2049,2049,2049,2049,2049,
1219,9161,16,3,2023-09-16T13:04:55.820000+00:00,44.509,67.125,48.875,156,114,false,160.509,2048,2048,2048,2048,2048,2048,2048,2048,2048,2048,2048,2048,2048,2048,2048,2048,2048,2048,2048,2048,2048,2048,2048,2048,235
1219,9161,81,3,2023-09-16T13:05:03.632000+00:00,42.014,63.86,49.027,166,165,false,154.901,2048,2048,2048,2048,2048,2048,2048,2048,2048,2048,2048,2048,2048,2048,2048,2048,2048,2048,2048,2048,2048,2048,2048,2048,254
1219,9161,18,3,2023-09-16T13:05:30.882000+00:00,27.472,39.859,26.573,306,277,false,93.904,,2049,2049,2049,2048,2049,2049,2048,2049,2049,2049,2049,2049,2049,2049,2049,2049,2049,2049,2049,2049,2049,2049,2049,299
1219,9161,63,2,2023-09-16T13:05:40.397000+00:00,27.135,39.138,26.205,308,278,false,92.478,2049,2049,2049,2049,2049,2049,2051,2049,2049,2049,2049,2049,2051,2049,2049,2049,2049,2049,2049,2051,2049,2049,2049,2049,299
1219,9161,44,2,2023-09-16T13:05:47.381000+00:00,27.175,39.144,26.332,308,278,false,92.651,2049,2049,2051,2051,2049,2049,2049,2049,2049,2049,2049,2049,2049,2049,2049,2049,2049,2049,2049,2051,2049,2049,2049,2049,300
1219,9161,22,1,2023-09-16T13:05:53.038000+00:00,,64.757,45.697,258,221,true,,2064,2064,2064,2049,2049,2049,2049,2049,2049,2049,2049,2049,2049,2049,2049,2049,2049,2049,2049,2049,2049,2049,2049,
1219,9161,31,1,2023-09-16T13:05:56.616000+00:00,,55.259,34.064,243,245,true,,2064,2064,2064,2049,2049,2049,2049,2049,2049,2049,2049,2049,2049,2049,2049,2049,2049,2049,2049,2049,2049,2049,2049,2049,
1219,9161,2,4,2023-09-16T13:05:57.256000+00:00,69.734,57.902,37.203,278,272,true,164.839,2064,2064,2064,2048,2048,2048,2048,2048,2048,2048,2048,2048,2048,2048,2048,2048,2048,2048,2048,2048,2048,2048,2049,2049,
1219,9161,23,1,2023-09-16T13:06:08.990000+00:00,,54.177,37.533,306,277,true,,2064,2064,2064,2049,2049,2049,2049,2049,2049,2049,2049,2049,2049,2049,2049,2049,2049,2049,2049,2049,2049,2049,2049,
1219,9161,20,4,2023-09-16T13:06:11.600000+00:00,42.303,60.497,45.645,151,216,false,148.445,2048,2048,2048,2048,2048,2048,2048,2048,2048,2048,2048,2048,2048,2048,2048,2048,2048,2048,2048,2048,2048,2048,2048,2048,207
1219,9161,27,4,2023-09-16T13:06:12.444000+00:00,42.223,53.895,41.955,160,241,false,138.073,,2048,2048,2048,2048,2048,2048,2048,2048,2048,2048,2048,2048,2048,2048,2048,2048,2048,2048,2048,2048,2048,2048,2048,182
1219,9161,77,4,2023-09-16T13:06:18.350000+00:00,39.618,59.176,48.678,237,225,false,147.472,,2048,2048,2048,2048,2048,2048,2048,2048,2048,2048,2048,2048,2048,2048,2048,2048,2048,2048,2048,2048,2048,2048,2048,215
1219,9161,24,4,2023-09-16T13:06:25.584000+00:00,39.414,58.639,47.313,227,229,false,145.366,,2048,2048,2048,2048,2048,2048,2048,2048,2048,2048,2048,2048,2048,2048,2048,2048,2048,2048,2048,2048,2048,2048,2048,221
1219,9161,10,1,2023-09-16T13:06:44.912000+00:00,,59.797,38.238,241,170,true,,2064,2064,2064,2049,2049,2049,2049,2049,2049,2049,2049,2049,2049,2049,2049,2049,2049,2049,2049,2049,2049,2049,2049,
1219,9161,4,4,2023-09-16T13:06:48.849000+00:00,49.335,61.445,37.569,93,196,false,148.349,,2048,2048,2048,2048,2048,2048,2048,2048,2048,2048,2048,2048,2048,2048,2048,2048,2048,2048,2048,2048,2048,2048,2049,190
1219,9161,14,2,2023-09-16T13:07:02.099000+00:00,36.755,55.589,37.059,254,248,false,129.403,2049,2049,2049,2049,2049,2048,2048,2049,2048,2048,2049,2049,2049,2049,2049,2049,2048,2048,2049,2049,2049,2049,2049,265
1219,9161,18,4,2023-09-16T13:07:05.114000+00:00,52.172,57.08,49.02,231,179,false,158.272,2048,2048,2048,2048,2048,2048,2048,2048,2048,2048,2048,2048,2048,2048,2048,2048,2048,2048,2048,2048,2048,2048,2048,2048,227
1219,9161,40,4,2023-09-16T13:07:05.489000+00:00,70.636,57.969,48.645,164,223,true,177.25,2064,2064,2064,2048,2048,2048,2048,2048,2048,2048,2048,2048,2048,2048,2048,2048,2048,2048,2048,2048,2048,2048,2048,2048,
1219,9161,11,4,2023-09-16T13:07:08.661000+00:00,44.739,59.583,43.187,166,243,false,147.509,,2048,2048,2048,2048,2048,2048,2048,2048,2048,2048,2048,2048,2048,2048,2048,2048,2048,2048,2048,2048,2048,2048,2048,186
1219,9161,1,4,2023-09-16T13:07:09.114000+00:00,42.243,52.971,42.236,180,234,false,137.45,,2048,2048,2048,2048,2048,2048,2048,2048,2048,2048,2048,2048,2048,2048,2048,2048,2048,2048,2048,2048,2048,2048,2048,158
1219,9161,63,3,2023-09-16T13:07:12.989000+00:00,42.522,58.161,84.331,210,241,false,185.014,2048,2048,2048,2048,2048,2048,2048,2048,2048,2048,2048,2048,2048,2048,2048,2048,2048,2048,2048,2048,2048,2064,2064,2064,238
1219,9161,44,3,2023-09-16T13:07:19.974000+00:00,39.833,55.049,47.624,223,218,false,142.506,2048,2048,2048,2048,2048,2048,2048,2048,2048,2048,2048,2048,2048,2048,2048,2048,2048,2048,2048,2048,2048,2064,2064,2064,259
1219,9161,55,4,2023-09-16T13:07:29.270000+00:00,47.129,58.322,35.21,149,130,false,140.661,,2048,2048,2048,2048,2048,2048,2048,2048,2048,2048,2048,2048,2048,2048,2048,2048,2048,2048,2048,2048,2048,2048,2048,147
1219,9161,16,4,2023-09-16T13:07:36.348000+00:00,44.96,61.393,38.177,198,184,false,144.53,,2048,2048,2048,2048,2048,2048,2048,2048,2048,2048,2048,2048,2048,2048,2048,2048,2048,2048,2048,2048,2048,2048,2048,157
1219,9161,81,4,2023-09-16T13:07:38.536000+00:00,41.71,57.505,37.329,221,212,false,136.544,,2048,2048,2048,2048,2048,2048,2048,2048,2048,2048,2048,2048,2048,2048,2048,2048,2048,2048,2048,2048,2048,2048,2048,163
1219,9161,31,2,2023-09-16T13:08:01.645000+00:00,27.265,39.296,26.35,306,276,false,92.911,2049,2049,2049,2051,2049,2049,2049,2049,2049,2049,2049,2049,2049,2049,2049,2049,2049,2049,2049,2049,2049,2049,2049,2049,298
1219,9161,2,5,2023-09-16T13:08:07.910000+00:00,27.245,39.711,26.615,312,279,false,93.571,2049,2048,2049,2049,2049,2049,2049,2051,2049,2048,2049,2051,2049,2049,2048,2048,2048,2049,2051,2048,2048,2048,2049,301
1219,9161,23,2,2023-09-16T13:08:15.066000+00:00,27.23,39.902,26.495,312,279,false,93.627,2049,2049,2049,2049,2049,2049,2049,2049,2049,2049,2049,2049,2049,2049,2049,2049,2049,2049,2049,2049,2049,2049,2049,2049,303
1219,9161,22,2,2023-09-16T13:08:23.644000+00:00,27.549,39.157,26.224,306,277,false,92.93,2049,2049,2049,2049,2049,2049,2049,2049,2049,2049,2049,2049,2049,2049,2049,2049,2049,2049,2049,2049,2049,2049,2049,2049,295
1219,9161,27,5,2023-09-16T13:08:30.519000+00:00,27.272,39.455,26.433,312,280,false,93.16,,2048,2049,2048,2049,2049,2049,2049,2048,2049,2048,2049,2049,2049,2049,2048,2049,2049,2049,2049,2049,2049,2048,2049,301
1219,9161,20,5,2023-09-16T13:08:40.003000+00:00,27.174,39.477,26.387,312,279,false,93.038,,2048,2049,2049,2049,2049,2049,2049,2048,2049,2048,2048,2048,2048,2051,2049,2049,2049,2048,2048,2048,2049,2049,301
1219,9161,77,5,2023-09-16T13:08:45.831000+00:00,27.338,39.651,26.664,307,277,false,93.653,,2048,2049,2049,2049,2049,2049,2049,2048,2049,2048,2049,2048,2048,2048,2048,2048,2049,2049,2048,2048,2049,2049,296
1219,9161,24,5,2023-09-16T13:08:50.988000+00:00,27.491,39.719,26.605,308,278,false,93.815,,2048,2049,2049,2049,2049,2049,2048,2049,2048,2049,2048,2049,2049,2049,2048,2049,2048,2048,2049,2049,2049,2049,297
1219,9161,10,2,2023-09-16T13:08:59.331000+00:00,27.26,39.321,26.073,306,277,false,92.654,2049,2049,2049,2049,2049,2049,2049,2049,2049,2049,2049,2049,2049,2049,2049,2049,2049,2049,2049,2051,2049,2051,2049,2048,299
1219,9161,14,3,2023-09-16T13:09:11.519000+00:00,27.149,39.243,26.192,309,276,false,92.584,,2049,2049,2049,2049,2049,2049,2049,2049,2049,2049,2049,2049,2049,2049,2049,2049,2049,2049,2049,2049,2049,2049,2049,299
1219,9161,4,5,2023-09-16T13:09:17.222000+00:00,27.087,39.334,26.062,310,278,false,92.483,2051,2048,2049,2048,2051,2049,2051,2049,2048,2049,2049,2049,2049,2048,2048,2048,2048,2049,2048,2049,2051,2049,2049,2049,302
1219,9161,1,5,2023-09-16T13:09:26.581000+00:00,27.144,39.064,26.19,310,277,false,92.398,2049,2048,2049,2048,2049,2051,2049,2049,2051,2049,2049,2048,2049,2048,2049,2048,2048,2049,2049,2049,2049,2048,2048,2048,301
1219,9161,40,5,2023-09-16T13:09:31.284000+00:00,27.363,39.076,26.285,308,276,false,92.724,2048,2049,2049,2048,2049,2049,2049,2049,2049,2049,2049,2049,2048,2049,2049,2048,2049,2049,2049,2049,2049,2048,2049,298
1219,9161,31,3,2023-09-16T13:09:34.581000+00:00,35.303,52.932,41.354,155,148,false,129.589,2048,2048,2048,2048,2048,2048,2048,2048,2048,2048,2048,2048,2048,2048,2048,2048,2048,2048,2048,2048,2048,2064,2064,2064,283
1219,9161,11,5,2023-09-16T13:09:36.190000+00:00,27.311,39.041,78.802,310,278,false,145.154,2049,2048,2049,2048,2049,2049,2048,2049,2049,2048,2048,2048,2048,2049,2051,2048,2048,2049,2048,2048,2048,2064,2064,2064,303
1219,9161,2,6,2023-09-16T13:09:41.424000+00:00,31.533,54.816,38.453,286,213,false,124.802,2048,2048,2048,2048,2048,2048,2048,2048,2048,2048,2048,2048,2048,2048,2048,2048,2048,2048,2048,2048,2048,2064,2064,2064,289
1219,9161,18,5,2023-09-16T13:09:43.127000+00:00,27.33,39.549,26.518,311,278,false,93.397,2049,2048,2049,2049,2049,2049,2049,2049,2049,2049,2049,2049,2048,2048,2049,2049,2049,2049,2049,2049,2048,2048,2049,303
1219,9161,23,3,2023-09-16T13:09:49.096000+00:00,34.539,49.082,39.008,271,247,false,122.629,2048,2048,0,0,2048,2048,2048,2048,2048,2048,2048,2048,2048,2048,2048,2048,2048,2048,2048,2048,2048,2064,2064,2064,286
1219,9161,55,5,2023-09-16T13:09:49.815000+00:00,27.074,39.093,26.172,315,280,false,92.339,,2048,2049,2049,2049,2049,2049,2051,2049,2048,2049,2049,2049,2051,2048,2048,2048,2049,2049,2049,2048,2049,2049,302
1219,9161,81,5,2023-09-16T13:09:55.080000+00:00,27.161,39.509,26.397,311,279,false,93.067,2049,2049,2048,2048,2049,2049,2049,2049,2049,2048,2048,2048,2048,2048,2048,2048,2049,2049,2049,2048,2048,2048,2048,2048,301
1219,9161,22,3,2023-09-16T13:09:56.627000+00:00,38.582,44.236,38.599,259,245,false,121.417,,2048,2048,2048,2048,2048,2048,2048,2048,2048,2048,2048,2048,2048,2048,2048,2048,2048,2048,2048,2048,2064,2064,2064,277
1219,9161,16,5,2023-09-16T13:10:00.877000+00:00,27.052,39.068,26.286,314,281,false,92.406,2049,2049,2049,2049,2049,2049,2049,2049,2048,2049,2048,2051,2048,2048,2049,2049,2048,2051,2049,2048,2048,2048,2049,303
1219,9161,27,6,2023-09-16T13:10:03.846000+00:00,30.434,43.71,37.069,278,252,false,111.213,,2048,2048,2048,2048,2048,2048,2048,2048,2048,2048,2048,2048,2048,2048,2048,2048,2048,2048,2048,2048,2064,2064,2064,291
1219,9161,20,6,2023-09-16T13:10:13.002000+00:00,31.511,45.65,72.203,264,246,false,149.364,,2048,2048,2048,2048,2048,2048,2048,2048,2048,2048,2048,2048,2048,2048,2048,2048,2048,2048,2048,2048,2064,2064,2064,296
1219,9161,77,6,2023-09-16T13:10:19.455000+00:00,31.42,44.495,39.881,273,237,false,115.796,,2048,2048,2048,2048,2048,2048,2048,2048,2048,2048,2048,2048,2048,2048,2048,2048,2048,2048,2048,2048,2064,2064,2064,234
1219,9161,24,6,2023-09-16T13:10:24.720000+00:00,33.489,45.555,38.723,258,247,false,117.767,,2048,2048,2048,2048,2048,2048,2048,2048,2048,2048,2048,2048,2048,2048,2048,2048,2048,2048,2048,2048,2064,2064,2064,242
1219,9161,10,3,2023-09-16T13:10:32.142000+00:00,33.591,50.412,40.456,235,219,false,124.459,2048,2048,2048,2048,2048,2048,2048,2048,2048,2048,2048,2048,2048,2048,2048,2048,2048,2048,2048,2048,2048,2064,2064,2064,288
1219,9161,14,4,2023-09-16T13:10:44.189000+00:00,33.279,48.198,39.343,221,225,false,120.82,2048,2048,2048,2048,2048,2048,2048,2048,2048,2048,2048,2048,2048,2048,2048,2048,2048,2048,2048,2048,2048,2064,2064,2064,214
1219,9161,4,6,2023-09-16T13:10:49.720000+00:00,32.856,49.883,38.808,192,186,false,121.547,2048,2048,2048,2048,2048,2048,2048,2048,2048,2048,2048,2048,2048,2048,2048,2048,2048,2048,2048,2048,2048,2064,2064,2064,251
1219,9161,1,6,2023-09-16T13:10:58.970000+00:00,30.599,43.294,39.009,254,211,false,112.902,2048,2048,2048,2048,2048,2048,2048,2048,2048,2048,2048,2048,2048,2048,2048,2048,2048,2048,2048,2048,2048,2064,2064,2064,253
1219,9161,40,6,2023-09-16T13:11:03.954000+00:00,31.637,44.497,37.894,263,243,false,114.028,,2048,2048,2048,2048,2048,2048,2048,2048,2048,2048,2048,2048,2048,2048,2048,2048,2048,2048,2048,2048,2064,2064,2064,288
1219,9161,18,6,2023-09-16T13:11:16.469000+00:00,30.25,43.468,69.768,280,253,false,143.486,2048,2048,2048,2048,2048,2048,2048,2048,2048,2048,2048,2048,2048,2048,2048,2048,2048,2048,2048,2048,2048,2064,2064,2064,259
1219,9161,55,6,2023-09-16T13:11:22.141000+00:00,34.771,46.52,38.923,244,223,false,120.214,,2048,2048,2048,2048,2048,2048,2048,2048,2048,2048,2048,2048,2048,2048,2048,2048,2048,2048,2048,2048,2064,2064,2064,225
1219,9161,81,6,2023-09-16T13:11:28.454000+00:00,31.245,48.783,39.65,255,230,false,119.678,2048,2048,2048,2048,2048,2048,2048,2048,2048,2048,2048,2048,2048,2048,2048,2048,2048,2048,2048,2048,2048,2064,2064,2064,280
1219,9161,16,6,2023-09-16T13:11:33.266000+00:00,31.031,47.106,39.536,244,232,false,117.673,2048,2048,2048,2048,2048,2048,2048,2048,2048,2048,2048,2048,2048,2048,2048,2048,2048,2048,2048,2048,2048,2064,2064,2064,267
1219,9161,2,7,2023-09-16T13:13:59.842000+00:00,,52.075,36.684,288,273,true,258.291,2064,2064,2064,2048,2048,2048,2048,2048,2048,2048,2048,2048,2048,2048,2048,2048,2048,2048,2048,2048,2048,2048,2048,2049,
1219,9161,77,7,2023-09-16T13:14:01.513000+00:00,,50.155,42.855,266,218,true,235.989,2064,2064,2064,2048,2048,2048,2048,2048,2048,2048,2048,2048,2048,2048,2048,2048,2048,2048,2048,2048,2048,2048,2048,2048,
1219,9161,23,4,2023-09-16T13:14:03.576000+00:00,,52.95,38.52,296,275,true,265.982,2064,2064,2064,2048,2048,2048,2048,2048,2048,2048,2048,2048,2048,2048,2048,2048,2048,2048,2048,2048,2048,2048,2048,2048,
1219,9161,24,7,2023-09-16T13:14:06.873000+00:00,,50.294,44.256,290,200,true,241.302,2064,2064,2064,2048,2048,2048,2048,2048,2048,2048,2048,2048,2048,2048,2048,2048,2048,2048,2048,2048,2048,2048,2048,2048,
1219,9161,22,4,2023-09-16T13:14:11.373000+00:00,,62.189,37.172,213,225,true,282.336,2064,2064,2064,2048,2048,2048,2048,2048,2048,2048,2048,2048,2048,2048,2048,2048,2048,2048,2048,2048,2048,2048,2048,2048,
1219,9161,20,7,2023-09-16T13:14:13.763000+00:00,,65.261,39.45,174,233,true,247.483,2064,2064,2064,2048,2048,2048,2048,2048,2048,2048,2048,2048,2048,2048,2048,2048,2048,2048,2048,2048,2048,2048,2048,2048,
1219,9161,27,7,2023-09-16T13:14:16.810000+00:00,,64.506,45.004,208,244,true,302.82,2064,2064,2064,2048,2048,2048,2048,2048,2048,2048,2048,2048,2048,2048,2048,2048,2048,2048,2048,2048,2048,2048,2048,2048,
1219,9161,11,6,2023-09-16T13:14:21.029000+00:00,,62.498,54.509,205,232,true,312.597,2064,2064,2064,2048,2048,2048,2048,2048,2048,2048,2048,2048,2048,2048,2048,2048,2048,2048,2048,2048,2048,2048,2048,2048,
1219,9161,31,4,2023-09-16T13:14:22.701000+00:00,,60.443,45.183,182,229,true,320.91,2064,2064,2064,2048,2048,2048,2048,2048,2048,2048,2048,2048,2048,2048,2048,2048,2048,2048,2048,2048,2048,2048,2048,2048,
1219,9161,10,4,2023-09-16T13:14:26.451000+00:00,,61.164,61.235,178,254,true,295.003,2064,2064,2064,2048,2048,2048,2048,2048,2048,2048,2048,2048,2048,2048,2048,2048,2048,2048,2048,2048,2048,2048,2048,2048,
1219,9161,40,7,2023-09-16T13:14:29.841000+00:00,,60.396,47.976,235,234,true,261.616,2064,2064,2064,2048,2048,2048,2048,2048,2048,2048,2048,2048,2048,2048,2048,2048,2048,2048,2048,2048,2048,2048,2048,2048,
1219,9161,1,7,2023-09-16T13:14:54.356000+00:00,,68.429,78.466,222,229,true,307.404,2064,2064,2064,2048,2048,2048,2048,2048,2048,2048,2048,2048,2048,2048,2048,2048,2048,2048,2048,2048,2048,2048,2048,2048,
1219,9161,63,4,2023-09-16T13:15:01.606000+00:00,,54.18,45.089,254,248,true,428.17,2064,2064,2064,2048,2048,2048,2048,2048,2048,2048,2048,2048,2048,2048,2048,2048,2048,2048,2048,2048,2048,2048,2048,2048,
1219,9161,44,4,2023-09-16T13:15:10.012000+00:00,,47.97,68.775,257,260,true,490.04,2064,2064,2064,2048,2048,2048,2048,2048,2048,2048,2048,2048,2048,2048,2048,2048,2048,2048,2048,2048,2048,2048,2048,2048,
1219,9161,55,7,2023-09-16T13:15:12.122000+00:00,,49.338,56.302,280,260,true,257.491,2064,2064,2064,2048,2048,2048,2048,2048,2048,2048,2048,2048,2048,2048,2048,2048,2048,2048,2048,2048,2048,2048,2048,2048,
1219,9161,4,7,2023-09-16T13:15:18.028000+00:00,,49.995,45.682,275,265,true,285.237,2064,2064,2064,2048,2048,2048,2048,2048,2048,2048,2048,2048,2048,2048,2048,2048,2048,2048,2048,2048,2048,2048,2048,2048,
1219,9161,16,7,2023-09-16T13:15:21.465000+00:00,,49.206,56.032,278,252,true,255.224,2064,2064,2064,2048,2048,2048,2048,2048,2048,2048,2048,2048,2048,2048,2048,2048,2048,2048,2048,2048,2048,2048,2048,2048,
1219,9161,14,5,2023-09-16T13:15:24.293000+00:00,,51.579,59.755,286,257,true,311.176,2064,2064,2064,2048,2048,2048,2048,2048,2048,2048,2048,2048,2048,2048,2048,2048,2048,2048,2048,2048,2048,2048,2048,2048,
1219,9161,81,7,2023-09-16T13:15:27.621000+00:00,,51.018,45.833,273,260,true,255.474,2064,2064,2064,2048,2048,2048,2048,2048,2048,2048,2048,2048,2048,2048,2048,2048,2048,2048,2048,2048,2048,2048,2048,2048,
1219,9161,18,7,2023-09-16T13:15:31.934000+00:00,,45.522,41.871,283,242,true,233.348,2064,2064,2064,2048,2048,2048,2048,2048,2048,2048,2048,2048,2048,2048,2048,2048,2048,2048,2048,2048,2048,2048,2048,2048,
1219,9161,2,8,2023-09-16T13:16:04.574000+00:00,27.263,39.523,26.466,311,279,false,93.252,2048,2048,2049,2048,2048,2048,2049,2048,2048,2049,2049,2049,2048,2049,2049,2049,2049,2048,2051,2048,2048,2049,2048,300
1219,9161,77,8,2023-09-16T13:16:11.261000+00:00,27.239,39.211,26.359,308,277,false,92.809,2048,2048,2049,2049,2048,2048,2049,2049,2048,2049,2049,2049,2049,2049,2049,2048,2049,2049,2048,2049,2049,2048,2048,2048,296
1219,9161,23,5,2023-09-16T13:16:17.370000+00:00,27.131,39.323,26.214,312,280,false,92.668,2048,2048,2049,2048,2049,2049,2049,2049,2048,2048,2049,2049,2049,2049,2049,2049,2049,2049,2049,2049,2049,2049,2049,302
1219,9161,24,8,2023-09-16T13:16:23.870000+00:00,27.319,39.339,26.6,309,277,false,93.258,2049,2049,2049,2049,2048,2049,2048,2049,2048,2049,2049,2049,2049,2049,2049,2048,2048,2048,2048,2049,2048,2049,2049,299
1219,9161,22,5,2023-09-16T13:16:40.370000+00:00,27.177,38.747,26.067,306,275,false,91.991,2048,2049,2048,2049,2049,2051,2049,2049,2049,2049,2049,2049,2051,2049,2049,2048,2049,2048,2048,2051,2049,2049,2049,295
1219,9161,20,8,2023-09-16T13:16:49.901000+00:00,27.064,38.972,26.206,313,279,false,92.242,2049,2048,2049,2049,2049,2048,2048,2049,2049,2049,2049,2049,2049,2049,2049,2049,2048,2049,2051,2049,2048,2048,2048,302
1219,9161,27,8,2023-09-16T13:16:57.823000+00:00,27.024,38.815,26.261,313,280,false,92.1,2049,2049,2051,2049,2049,2049,2049,2049,2049,2049,2049,2049,2049,2049,2049,2049,2049,2048,2049,2049,2049,2049,2049,302
1219,9161,31,5,2023-09-16T13:17:04.948000+00:00,27.191,39.004,26.174,309,277,false,92.369,2049,2048,2049,2048,2049,2049,2048,2049,2049,2049,2049,2049,2048,2049,2048,2048,2049,2048,2048,2049,2049,2051,2048,2048,299
1219,9161,11,7,2023-09-16T13:17:13.916000+00:00,27.042,38.814,26.243,310,278,false,92.099,2048,2048,2049,2049,2048,2049,2049,2049,2051,2049,2049,2049,2049,2048,2048,2049,2048,2049,2049,2049,2049,2049,2048,299
1219,9161,40,8,2023-09-16T13:17:19.651000+00:00,27.328,38.742,26.145,308,277,false,92.215,2049,2048,2049,2049,2048,2049,2049,2049,2049,2049,2051,2049,2049,2048,2048,2048,2049,2049,2049,2049,2048,2048,2049,297
1219,9161,63,5,2023-09-16T13:17:26.025000+00:00,27.218,38.946,26.167,309,277,false,92.331,2048,2048,2048,2048,2049,2048,2048,2049,2049,2049,2049,2049,2048,2049,2049,2049,2049,2049,2049,2048,2049,2049,2048,2048,299
1219,9161,10,5,2023-09-16T13:17:31.494000+00:00,27.394,39.003,26.055,309,277,false,92.452,2048,2048,2048,2048,2049,2048,2048,2049,2049,2049,2049,2049,2049,2049,2049,2049,2049,2049,2049,2048,2048,2048,2049,299
1219,9161,18,8,2023-09-16T13:17:33.400000+00:00,27.289,39.507,,315,279,false,,2048,2048,2049,2048,2049,2049,2049,2049,2048,2049,2049,2049,2049,2049,2048,2048,2049,301
1219,9161,4,8,2023-09-16T13:17:36.447000+00:00,27.251,38.97,27.07,313,281,false,93.291,2048,2048,2049,2048,2051,2048,2048,2049,2049,2048,2049,2049,2049,2049,2049,2051,2051,2051,2049,2048,2048,2048,2048,2048,296
1219,9161,2,9,2023-09-16T13:17:37.775000+00:00,44.937,49.241,49.9,119,247,false,144.078,,2048,2048,2048,2048,2048,2048,2048,2048,2048,2048,2048,2048,2048,2048,2048,2048,2048,2048,2048,2048,2064,2064,2064,291
1219,9161,55,8,2023-09-16T13:17:39.916000+00:00,27.32,38.601,37.941,315,281,false,103.862,2048,2048,2048,2048,2049,2048,2049,2049,2049,2051,2049,2051,2049,2051,2049,2049,2049,2048,2048,2048,2048,2064,2064,2064,297
1219,9161,81,8,2023-09-16T13:17:43.322000+00:00,27.342,39.293,27.082,313,279,false,93.717,2048,2048,2048,2048,2048,2048,2051,2049,2049,2048,2048,2049,2049,2048,2048,2049,2048,2049,2049,2049,2049,2049,2048,2048,296
1219,9161,77,9,2023-09-16T13:17:44.041000+00:00,32.412,55.534,95.088,264,138,false,183.034,2049,2048,2048,2048,2048,2048,2048,2048,2048,2048,2048,2048,2048,2048,2048,2048,2048,2048,2048,2048,2048,2064,2064,2064,295
1219,9161,16,8,2023-09-16T13:17:46.181000+00:00,27.257,39.126,34.371,317,282,false,100.754,2048,2048,2048,2048,2049,2049,2049,2051,2049,2048,2049,2049,2049,2049,2048,2048,2049,2049,2049,2048,2048,2048,2048,2048,297
1219,9161,23,6,2023-09-16T13:17:50.041000+00:00,44.987,54.843,45.636,258,128,false,145.466,,0,0,2048,2048,2048,2048,2048,2048,2048,2048,2048,2048,2048,2048,2048,2048,2048,2048,2048,2048,2064,2064,2064,230
1219,9161,44,5,2023-09-16T13:17:52.572000+00:00,27.427,38.935,44.618,310,278,false,110.98,2048,2048,2048,2048,2049,2048,2049,2049,2049,2049,2049,2049,2049,2049,2049,2049,2049,2049,2049,2048,2048,2064,2064,2064,296
1219,9161,14,6,2023-09-16T13:17:56.134000+00:00,27.546,39.199,44.427,313,279,false,111.172,2048,2048,2048,2048,2049,2048,2048,2049,2048,2048,2049,2048,2049,2049,2049,2049,2049,2049,2049,2048,2048,2064,2064,2064,293
1219,9161,24,9,2023-09-16T13:17:57.087000+00:00,39.261,56.55,48.855,249,137,false,144.666,,2048,2048,2048,2048,2048,2048,2048,2048,2048,2048,2048,2048,2048,2048,2048,2048,2048,2048,2048,2048,2064,2064,2064,279
1219,9161,1,8,2023-09-16T13:17:59.291000+00:00,27.462,38.938,46.007,314,278,false,112.407,2048,2048,2048,2048,2049,2048,2048,2049,2048,2048,2049,2049,2048,2049,2049,2049,2048,2048,2048,2048,2048,2064,2064,2064,298
1219,9161,22,6,2023-09-16T13:18:12.322000+00:00,34.276,62.726,51.285,250,125,false,148.287,,2048,2048,2048,2048,2048,2048,2048,2048,2048,2048,2048,2048,2048,2048,2048,2048,2048,2048,2048,2048,2064,2064,2064,264
1219,9161,20,9,2023-09-16T13:18:22.134000+00:00,36.077,58.022,47.706,259,132,false,141.805,2048,2048,2048,2048,2048,2048,2048,2048,2048,2048,2048,2048,2048,2048,2048,2048,2048,2048,2048,2048,2048,2064,2064,2064,276
1219,9161,27,9,2023-09-16T13:18:29.790000+00:00,32.969,59.616,47.735,222,157,false,140.32,2048,2048,2048,2048,2048,2048,2048,2048,2048,2048,2048,2048,2048,2048,2048,2048,2048,2048,2048,2048,2048,2064,2064,2064,238
1219,9161,31,6,2023-09-16T13:18:37.587000+00:00,35.145,63.484,47.033,197,161,false,145.662,2048,2048,2048,2048,2048,2048,2048,2048,2048,2048,2048,2048,2048,2048,2048,2048,2048,2048,2048,2048,2048,2064,2064,2064,287
1219,9161,11,8,2023-09-16T13:18:45.962000+00:00,34.473,68.94,51.083,130,175,false,154.496,,2048,2048,2048,2048,2048,2048,2048,2048,2048,2048,2048,2048,2048,2048,2048,2048,2048,2048,2048,2048,2064,2064,2064,212
1219,9161,40,9,2023-09-16T13:18:51.821000+00:00,49.018,65.615,48.401,129,159,false,163.034,2048,2048,2048,2048,2048,2048,2048,2048,2048,2048,2048,2048,2048,2048,2048,2048,2048,2048,2048,2048,2048,2064,2064,2064,290
1219,9161,63,6,2023-09-16T13:18:58.399000+00:00,44.718,65.389,51.446,189,224,false,161.553,,2048,2048,2048,2048,2048,2048,2048,2048,2048,2048,2048,2048,2048,2048,2048,2048,2048,2048,2048,2048,2064,2064,2064,251
1219,9161,10,6,2023-09-16T13:19:03.899000+00:00,44.849,64.773,50.544,145,190,false,160.166,,2048,2048,2048,2048,2048,2048,2048,2048,2048,2048,2048,2048,2048,2048,2048,2048,2048,2048,2048,2048,2064,2064,2064,289
1219,9161,4,9,2023-09-16T13:19:09.742000+00:00,47.014,60.547,48.355,152,143,false,155.916,,2048,2048,2048,2048,2048,2048,2048,2048,2048,2048,2048,2048,2048,2048,2048,2048,2048,2048,2048,2048,2064,2064,2064,170
1219,9161,81,9,2023-09-16T13:19:17.102000+00:00,57.193,66.571,45.476,137,142,false,169.24,,2048,2048,2048,2048,2048,2048,2048,2048,2048,2048,2048,2048,2048,2048,2048,2048,2048,2048,2048,2048,2064,2064,2064,94
1219,9161,16,9,2023-09-16T13:19:26.914000+00:00,51.086,65.166,49.898,136,132,false,166.15,,2048,2048,2048,2048,2048,2048,2048,2048,2048,2048,2048,2048,2048,2048,2048,2048,2048,2048,2048,2048,2064,2064,2064,135
1219,9161,11,9,2023-09-16T13:53:03.441000+00:00,,66.281,35.641,258,186,true,2043.241,2064,2064,2064,2049,2049,2049,2049,2049,2049,2049,2049,2049,2049,2049,2049,2049,2049,2049,2049,2049,2049,2049,2049,
1219,9161,1,9,2023-09-16T13:53:06.253000+00:00,,49.283,29.216,219,241,true,2115.948,2064,2064,2064,2049,2049,2049,2049,2049,2049,2049,2049,2049,2049,2049,2051,2049,2051,2051,2051,2051,2051,2051,2051,
1219,9161,20,10,2023-09-16T13:53:07.785000+00:00,,47.925,37.364,236,244,true,2072.528,2064,2064,2064,2049,2049,2049,2049,2049,2049,2051,2049,2049,2049,2051,2049,2051,2049,2049,2049,2049,2049,2049,2049,2049,
1219,9161,27,10,2023-09-16T13:53:14.738000+00:00,,55.161,38.432,268,239,true,2080.58,2064,2064,2064,2049,2049,2049,2049,2049,2049,2049,2049,2049,2049,2049,2049,2049,2049,2049,2049,2049,2049,2049,2049,2049,
1219,9161,4,10,2023-09-16T13:53:23.269000+00:00,,52.858,42.148,280,247,true,2030.401,2064,2064,2064,2049,2049,2049,2049,2049,2051,2049,2051,2051,2051,2049,2049,2049,2049,2049,2049,2049,2049,2049,2049,
1219,9161,55,9,2023-09-16T13:53:24.816000+00:00,,51.079,39.751,282,251,true,2180.259,2064,2064,2064,2049,2049,2049,2049,2049,2049,2049,2049,2049,2049,2049,2049,2049,2049,2049,2049,2049,2049,2049,2049,2049,
1219,9161,16,10,2023-09-16T13:53:27.941000+00:00,,49.484,41.618,237,225,true,2020.432,2064,2064,2064,2049,2049,2049,2049,2049,2049,2049,2049,2049,2049,2049,2049,2049,2049,2049,2049,2049,2049,2049,2049,2049,
1219,9161,14,7,2023-09-16T13:53:41.128000+00:00,,61.749,35.528,282,240,true,2173.992,2064,2064,2064,2049,2049,2049,2049,2049,2049,2049,2049,2049,2049,2049,2049,2049,2049,2049,2049,2049,2049,2049,2049,
1219,9161,40,10,2023-09-16T13:54:12.440000+00:00,,58.668,37.167,217,229,true,2093.687,2064,2064,2064,2049,2049,2049,2049,2049,2049,2049,2049,2049,2049,2049,2049,2049,2049,2049,2049,2049,2049,2049,2049,
1219,9161,22,7,2023-09-16T13:54:18.768000+00:00,,64.594,38.257,241,219,true,2161.906,2064,2064,2064,2049,2049,2049,2049,2049,2049,2049,2049,2049,2049,2049,2049,2049,2049,2049,2049,2049,2049,2049,2049,
1219,9161,31,7,2023-09-16T13:54:21.940000+00:00,,57.395,38.661,277,244,true,2132.904,2064,2064,2064,2049,2049,2049,2049,2049,2049,2049,2049,2049,2049,2049,2049,2049,2049,2049,2049,2049,2049,2049,2049,2049,
1219,9161,10,7,2023-09-16T13:54:31.861000+00:00,,65.953,39.363,278,230,true,2110.771,2064,2064,2064,2049,2049,2049,2049,2049,2049,2049,2049,2049,2049,2049,2049,2049,2049,2049,2049,2049,2049,2049,2049,2049,
1219,9161,23,7,2023-09-16T13:54:34.908000+00:00,,59.394,38.621,286,246,true,2191.574,2064,2064,2064,2049,2049,2049,2049,2049,2049,2049,2049,2049,2049,2049,2049,2049,2049,2049,2049,2049,2049,2049,2049,2049,
1219,9161,1,10,2023-09-16T13:55:07.548000+00:00,27.25,38.931,26.126,305,277,false,92.307,2049,2049,2049,2049,2049,2051,2049,2049,2049,2049,2049,2049,2051,2049,2049,2049,2049,2049,2049,2051,2051,2051,2051,300
1219,9161,20,11,2023-09-16T13:55:16.423000+00:00,27.184,38.776,26.21,312,279,false,92.17,2049,2049,2049,2049,2049,2049,2049,2049,2049,2049,2049,2051,2049,2049,2051,2049,2049,2049,2051,2049,2051,2049,2048,2048,302
1219,9161,11,10,2023-09-16T13:55:23.704000+00:00,27.245,38.87,26.195,309,278,false,92.31,2049,2049,2049,2049,2049,2049,2049,2049,2049,2049,2049,2049,2049,2049,2049,2049,2049,2049,2049,2049,2051,2049,2048,300
1219,9161,27,11,2023-09-16T13:55:30.751000+00:00,27.141,38.998,26.209,313,280,false,92.348,2049,2049,2049,2049,2049,2049,2049,2049,2049,2051,2049,2049,2049,2049,2049,2051,2051,2049,2049,2049,2049,2049,2049,2049,301
1219,9161,4,11,2023-09-16T13:55:36.016000+00:00,27.033,38.921,25.997,312,278,false,91.951,2049,2051,2049,2049,2051,2049,2051,2049,2049,2049,2049,2049,2049,2049,2049,2049,2049,2051,2051,2049,2051,2049,2049,301
1219,9161,55,10,2023-09-16T13:55:44.126000+00:00,26.989,38.689,26.215,313,280,false,91.893,2051,2049,2051,2051,2049,2049,2049,2051,2049,2049,2049,2049,2049,2051,2049,2049,2049,2049,2049,2049,2049,2049,2048,2048,303
1219,9161,16,11,2023-09-16T13:55:53.688000+00:00,27.171,38.786,26.193,311,280,false,92.15,2049,2049,2049,2049,2049,2049,2049,2049,2049,2049,2049,2049,2049,2049,2049,2049,2049,2049,2049,2049,2049,2049,2049,2049,300
1219,9161,14,8,2023-09-16T13:56:01.266000+00:00,27.095,38.628,26.112,309,277,false,91.835,2049,2049,2049,2049,2049,2049,2049,2049,2051,2049,2051,2049,2049,2049,2049,2049,2049,2049,2049,2049,2049,2049,2049,298
1219,9161,40,11,2023-09-16T13:56:28.531000+00:00,27.288,38.876,26.343,304,275,false,92.507,2049,2049,2049,2049,2049,2049,2049,2049,2049,2049,2049,2049,2049,2049,2049,2049,2049,2049,2049,2049,2049,2049,2049,296
1219,9161,31,8,2023-09-16T13:56:35.781000+00:00,27.221,38.989,26.068,308,277,false,92.278,2049,2049,2049,2049,2049,2049,2049,2049,2049,2049,2049,2049,2051,2049,2049,2049,2049,2049,2049,2051,2051,2051,2049,2049,299
1219,9161,1,11,2023-09-16T13:56:39.875000+00:00,36.515,47.587,36.802,251,231,false,120.904,2048,2048,2048,2048,2048,2048,2048,2048,2048,2048,2048,2048,2048,2048,2048,2048,2048,2048,2048,2048,2048,2064,2064,2064,240
1219,9161,22,8,2023-09-16T13:56:42.484000+00:00,36.973,55.914,73.061,123,240,false,165.948,2049,2049,2049,2049,2049,2048,2048,2048,2048,2049,2049,2049,2049,2049,2049,2049,2049,2049,2049,2049,2049,2064,2064,2064,297
1219,9161,23,8,2023-09-16T13:56:47.046000+00:00,27.454,39.856,26.409,309,279,false,93.719,2049,2049,2049,2049,2049,2049,2049,2049,2049,2049,2049,2049,2049,2049,2049,2049,2049,2049,2049,2049,2049,2049,2049,302
1219,9161,20,12,2023-09-16T13:56:48.578000+00:00,36.855,47.333,37.401,264,246,false,121.589,2048,2048,2048,2048,2048,2048,2048,2048,2048,2048,2048,2048,2048,2048,2048,2048,2048,2048,2048,2048,2048,2064,2064,2064,290
1219,9161,10,8,2023-09-16T13:56:54.874000+00:00,27.206,39.047,26.026,308,277,false,92.279,2049,2049,2049,2049,2049,2049,2049,2049,2049,2049,2049,2049,2049,2049,2049,2049,2049,2049,2049,2051,2049,2049,2049,299
1219,9161,11,11,2023-09-16T13:56:56.031000+00:00,33.647,50.102,39.226,232,232,false,122.975,2048,2048,2048,2048,2048,2048,2048,2048,2048,2048,2048,2048,2048,2048,2048,2048,2048,2048,2048,2048,2048,2064,2064,2064,253
1219,9161,27,12,2023-09-16T13:57:03.390000+00:00,31.175,46.39,39.17,273,201,false,116.735,2048,2048,2048,2048,2048,2048,2048,2048,2048,2048,2048,2048,2048,2048,2048,2048,2048,2048,2048,2048,2048,2064,2064,2064,276
1219,9161,4,12,2023-09-16T13:57:07.968000+00:00,31.906,51.75,40.6,210,202,false,124.256,2048,2048,2048,2048,2048,2048,2048,2048,2048,2048,2048,2048,2048,2048,2048,2048,2048,2048,2048,2048,2048,2064,2064,2064,246
1219,9161,63,7,2023-09-16T13:57:13.702000+00:00,,49.996,31.054,280,251,true,2247.68,2064,2064,2064,2049,2049,2049,2049,2049,2049,2049,2049,2049,2049,2049,2049,2049,2049,2049,2049,2049,2049,2049,2049,2049,
1219,9161,55,11,2023-09-16T13:57:16.061000+00:00,34.865,50.132,41.82,208,187,false,126.817,2048,2048,2048,2048,2048,2048,2048,2048,2048,2048,2048,2048,2048,2048,2048,2048,2048,2048,2048,2048,2048,2064,2064,2064,248
1219,9161,44,6,2023-09-16T13:57:18.515000+00:00,,52.697,30.368,233,242,true,2380.573,2064,2064,2064,2049,2049,2049,2049,2049,2049,2049,2049,2049,2049,2049,2049,2049,2049,2049,2049,2049,2049,2049,2049,2049,
1219,9161,16,12,2023-09-16T13:57:25.702000+00:00,33.689,46.467,39.529,265,223,false,119.685,2048,2048,2048,2048,2048,2048,2048,2048,2048,2048,2048,2048,2048,2048,2048,2048,2048,2048,2048,2048,2048,2064,2064,2064,239
1219,9161,14,9,2023-09-16T13:57:33.092000+00:00,36.809,53.068,78.918,205,194,false,168.795,2048,2048,2048,2048,2048,2048,2048,2048,2048,2048,2048,2048,2048,2048,2048,2048,2048,2048,2048,2048,2048,2064,2064,2064,198
1219,9161,40,12,2023-09-16T13:58:01.061000+00:00,35.931,51.62,40.329,235,234,false,127.88,2048,2048,2048,2048,2048,2048,2048,2048,2048,2048,2048,2048,2048,2048,2048,2048,2048,2048,2048,2048,2048,2064,2064,2064,285
1219,9161,31,9,2023-09-16T13:58:08.061000+00:00,34.379,47.678,41.029,252,217,false,123.086,2048,2048,2048,2048,2048,2048,2048,2048,2048,2048,2048,2048,2048,2048,2048,2048,2048,2048,2048,2048,2048,2064,2064,2064,283
1219,9161,23,9,2023-09-16T13:58:20.763000+00:00,33.51,45.37,37.765,241,240,false,116.645,2048,2048,2048,2048,2048,2048,2048,2048,2048,2048,2048,2048,2048,2048,2048,2048,2048,2048,2048,2048,2048,2064,2064,2064,289
1219,9161,10,9,2023-09-16T13:58:27.123000+00:00,32.682,48.392,39.706,265,242,false,120.78,,2048,2048,2048,2048,2048,2048,2048,2048,2048,2048,2048,2048,2048,2048,2048,2048,2048,2048,2048,2048,2064,2064,2064,292
1219,9161,63,8,2023-09-16T13:59:07.606000+00:00,26.966,38.657,26.12,307,277,false,91.743,2049,2049,2049,2051,2049,2051,2049,2049,2049,2049,2049,2049,2049,2049,2049,2049,2049,2049,2049,2049,2049,2049,2049,298
1219,9161,44,7,2023-09-16T13:59:24.137000+00:00,27.095,38.911,26.013,307,276,false,92.019,2049,2049,2051,2049,2049,2049,2049,2049,2049,2049,2049,2049,2049,2049,2049,2049,2049,2049,2049,2051,2049,2049,2049,299
1219,9161,63,9,2023-09-16T14:00:39.292000+00:00,37.282,53.411,42.012,245,239,false,132.705,2048,2048,2048,2048,2048,2048,2048,2048,2048,2048,2048,2048,2048,2048,2048,2048,2048,2048,2048,2048,2048,2064,2064,2064,246
1219,9161,44,8,2023-09-16T14:00:56.089000+00:00,36.296,48.097,72.375,218,225,false,156.768,2048,2048,2048,2048,2048,2048,2048,2048,2048,2048,2048,2048,2048,2048,2048,2048,2048,2048,2048,2048,2048,2064,2064,2064,246
1219,9161,20,13,2023-09-16T14:03:50.320000+00:00,,57.387,36.746,197,214,true,428.35,2064,2064,2064,2048,2048,2048,2048,2048,2048,2048,2048,2048,2048,2048,2048,2048,2048,2048,2048,2048,2048,2048,2048,2048,
1219,9161,31,10,2023-09-16T14:03:52.836000+00:00,,54.501,42.956,243,251,true,355.888,2064,2064,2064,2048,2048,2048,2048,2048,2048,2048,2048,2048,2048,2048,2048,2048,2048,2048,2048,2048,2048,2048,2049,2049,
1219,9161,22,9,2023-09-16T14:03:54.961000+00:00,,60.065,57.964,223,231,true,429.472,2064,2064,2064,2048,2048,2048,2048,2048,2048,2048,2048,2048,2049,2048,2048,2048,2048,2048,2048,2048,2048,2049,2049,2049,
1219,9161,27,13,2023-09-16T14:03:59.539000+00:00,,53.364,41.35,288,236,true,434.82,2064,2064,2064,2048,2048,2048,2048,2048,2048,2048,2048,2048,2048,2048,2048,2048,2048,2048,2048,2048,2048,2048,2049,2049,
1219,9161,10,10,2023-09-16T14:04:03.570000+00:00,,52.707,51.225,202,271,true,363.02,2064,2064,2064,2048,2048,2048,2048,2048,2048,2048,2048,2048,2048,2048,2048,2048,2048,2048,2048,2048,2048,2048,2048,2049,
1219,9161,40,13,2023-09-16T14:04:06.820000+00:00,,57.005,58.014,217,222,true,396.074,2064,2064,2064,2048,2048,2048,2048,2048,2048,2048,2048,2048,2048,2048,2048,2048,2048,2048,2048,2048,2048,2048,2048,2048,
1219,9161,1,12,2023-09-16T14:04:11.414000+00:00,,47.848,44.746,260,257,true,462.801,2064,2064,2064,2048,2048,2048,2048,2048,2048,2048,2048,2048,2048,2048,2048,2048,2048,2048,2048,2048,2048,2048,2048,2051,
1219,9161,14,10,2023-09-16T14:04:16.351000+00:00,,63.233,47.26,257,252,true,392.752,2064,2064,2064,2048,2048,2048,2048,2048,2048,2048,2048,2048,2048,2048,2048,2048,2048,2048,2048,2048,2048,2048,2048,2048,
1219,9161,55,12,2023-09-16T14:04:19.695000+00:00,,61.544,50.631,285,250,true,458.759,2064,2064,2064,2048,2048,2048,2048,2048,2048,2048,2048,2048,2048,2048,2048,2048,2048,2048,2048,2048,2048,2048,2049,2049,
1219,9161,11,12,2023-09-16T14:04:28.476000+00:00,,63.74,47.138,274,238,true,488.785,2064,2064,2064,2048,2048,2048,2048,2048,2048,2048,2048,2048,2048,2048,2048,2048,2048,2048,2048,2048,2048,2048,2049,2049,
1219,9161,16,13,2023-09-16T14:04:33.460000+00:00,,58.966,51.507,245,239,true,470.044,2064,2064,2064,2048,2048,2048,2048,2048,2048,2048,2048,2048,2048,2048,2048,2048,2048,2048,2048,2048,2048,2048,2048,2048,
1219,9161,4,13,2023-09-16T14:04:40.944000+00:00,,63.52,48.68,269,230,true,490.552,2064,2064,2064,2048,2048,2048,2048,2048,2048,2048,2048,2048,2048,2048,2048,2048,2048,2048,2048,2048,2048,2048,2049,2048,
1219,9161,63,10,2023-09-16T14:05:09.944000+00:00,,53.823,45.369,268,243,true,276.836,2064,2064,2064,2048,2048,2048,2048,2048,2048,2048,2048,2048,2048,2048,2048,2048,2048,2048,2048,2048,2048,2048,2048,2048,
1219,9161,44,9,2023-09-16T14:05:16.022000+00:00,,53.643,50.527,255,243,true,247.672,2064,2064,2064,2048,2048,2048,2048,2048,2048,2048,2048,2048,2048,2048,2048,2048,2048,2048,2048,2048,2048,2048,2048,2048,
1219,9161,23,10,2023-09-16T14:05:21.912000+00:00,,52.272,40.99,306,275,true,435.511,2064,2064,2064,2048,2048,2048,2048,2048,2048,2048,2048,2048,2048,2048,2048,2048,2048,2048,2048,2048,2048,2048,2048,2048,
1219,9161,20,14,2023-09-16T14:05:58.583000+00:00,27.026,38.757,26.109,312,279,false,91.892,2048,2048,2049,2049,2049,2049,2049,2048,2049,2048,2049,2051,2049,2049,2048,2048,2049,2049,2048,2049,2049,2048,2049,301
1219,9161,31,11,2023-09-16T14:06:07.099000+00:00,27.143,38.881,26.065,308,277,false,92.089,2049,2048,2049,2049,2049,2048,2048,2049,2048,2048,2049,2049,2048,2048,2049,2049,2048,2048,2049,2049,2048,2048,2049,2048,299
1219,9161,27,14,2023-09-16T14:06:14.630000+00:00,26.943,38.875,26.176,313,280,false,91.994,2049,2049,2049,2048,2049,2049,2051,2049,2049,2048,2049,2049,2049,2049,2049,2051,2048,2048,2048,2049,2049,2049,2048,301
1219,9161,1,13,2023-09-16T14:06:23.646000+00:00,27.255,38.896,26.022,310,277,false,92.173,2049,2048,2049,2048,2049,2051,2049,2049,2049,2049,2049,2049,2048,2048,2049,2049,2049,2048,2049,2049,2049,2051,2051,302
1219,9161,10,11,2023-09-16T14:06:30.942000+00:00,27.178,39.074,26.022,307,277,false,92.274,2049,2048,2049,2049,2049,2049,2048,2048,2048,2049,2048,2048,2049,2048,2049,2048,2051,2049,2048,2048,2048,2049,2049,2048,299
1219,9161,22,10,2023-09-16T14:06:37.973000+00:00,27.177,38.828,62.164,306,275,false,128.169,2048,2049,2049,2049,2049,2049,2049,2049,2049,2049,2049,2049,2049,2049,2051,2049,2048,2048,2048,2048,2048,2064,2064,2064,296
1219,9161,40,14,2023-09-16T14:06:45.036000+00:00,27.298,38.716,26.152,307,276,false,92.166,2048,2048,2048,2048,2049,2049,2049,2049,2048,2049,2048,2049,2049,2049,2049,2049,2049,2049,2049,2049,2049,2049,2049,2048,297
1219,9161,14,11,2023-09-16T14:06:54.692000+00:00,27.01,38.925,42.983,309,276,false,108.918,2049,2048,2049,2049,2048,2049,2049,2048,2051,2049,2048,2048,2048,2048,2048,2048,2048,2048,2048,2048,2048,2064,2064,2064,300
1219,9161,55,13,2023-09-16T14:07:01.489000+00:00,26.836,38.497,26.106,313,280,false,91.439,2051,2049,2051,2051,2051,2049,2049,2049,2049,2051,2049,2049,2049,2048,2049,2049,2049,2049,2048,2048,2049,2048,2049,2048,303
1219,9161,11,13,2023-09-16T14:07:07.832000+00:00,50.251,61.545,48.901,171,158,false,160.697,2049,2051,2049,2048,2048,2048,2048,2048,2048,2048,2048,2048,2048,2048,2048,2048,2048,2048,2048,2048,2048,2064,2064,2064,300
1219,9161,16,14,2023-09-16T14:07:15.410000+00:00,27.391,38.732,25.889,311,279,false,92.012,2049,2049,2048,2048,2048,2048,2048,2049,2049,2049,2049,2048,2049,2049,2048,2048,2049,2049,2049,2049,2049,2049,2049,301
1219,9161,4,14,2023-09-16T14:07:22.816000+00:00,39.729,54.098,39.839,211,227,false,133.666,2048,2048,2048,2048,2048,2048,2048,2048,2048,2048,2048,2048,2048,2048,2048,2048,2048,2048,2048,2048,2048,2064,2064,2064,300
1219,9161,63,11,2023-09-16T14:07:28.894000+00:00,27.224,59.263,45.47,306,170,false,131.957,2048,2048,2049,2048,2049,2048,2048,2048,2048,2048,2048,2048,2048,2048,2048,2048,2048,2048,2048,2048,2048,2064,2064,2064,287
1219,9161,20,15,2023-09-16T14:07:30.426000+00:00,40.506,48.85,42.356,263,246,false,131.712,,2048,2048,2048,2048,2048,2048,2048,2048,2048,2048,2048,2048,2048,2048,2048,2048,2048,2048,2048,2048,2064,2064,2064,261
1219,9161,23,11,2023-09-16T14:07:32.941000+00:00,27.222,39.309,26.616,312,278,false,93.147,2049,2048,2049,2049,2049,2049,2048,2051,2049,2049,2049,2049,2049,2049,2049,2049,2049,2049,2049,2048,2048,2049,2048,302
1219,9161,31,12,2023-09-16T14:07:39.144000+00:00,37.125,51.447,43.004,204,172,false,131.576,2048,2048,2048,2048,2048,2048,2048,2048,2048,2048,2048,2048,2048,2048,2048,2048,2048,2048,2048,2048,2048,2064,2064,2064,291
1219,9161,44,10,2023-09-16T14:07:40.582000+00:00,27.102,48.236,47.144,309,197,false,122.482,2049,2048,2048,2048,2049,2049,2049,2049,2048,2049,2049,2048,2048,2048,2048,2048,2048,2048,2048,2048,2048,2064,2064,2064,303
1219,9161,27,15,2023-09-16T14:07:46.597000+00:00,32.663,50.488,42.263,239,185,false,125.414,2048,2048,2048,2048,2048,2048,2048,2048,2048,2048,2048,2048,2048,2048,2048,2048,2048,2048,2048,2048,2048,2064,2064,2064,241
1219,9161,1,14,2023-09-16T14:07:55.753000+00:00,31.541,45.423,40.618,245,224,false,117.582,2048,2048,2048,2048,2048,2048,2048,2048,2048,2048,2048,2048,2048,2048,2048,2048,2048,2048,2048,2048,2048,2064,2064,2064,221
1219,9161,10,12,2023-09-16T14:08:03.206000+00:00,36.482,53.005,84.748,253,188,false,174.235,2048,2048,2048,2048,2048,2048,2048,2048,2048,2048,2048,2048,2048,2048,2048,2048,2048,2048,2048,2048,2048,2064,2064,2064,291
1219,9161,40,15,2023-09-16T14:08:17.159000+00:00,40.669,47.981,41.149,262,215,false,129.799,,2048,2048,2048,2048,2048,2048,2048,2048,2048,2048,2048,2048,2048,2048,2048,2048,2048,2048,2048,2048,2064,2064,2064,292
1219,9161,55,14,2023-09-16T14:08:32.909000+00:00,34.75,50.534,41.602,230,180,false,126.886,2048,2048,2048,2048,2048,2048,2048,2048,2048,2048,2048,2048,2048,2048,2048,2048,2048,2048,2048,2048,2048,2064,2064,2064,234
1219,9161,16,15,2023-09-16T14:08:47.409000+00:00,38.453,47.75,39.575,227,225,false,125.778,2048,2048,2048,2048,2048,2048,2048,2048,2048,2048,2048,2048,2048,2048,2048,2048,2048,2048,2048,2048,2048,2064,2064,2064,216
1219,9161,23,12,2023-09-16T14:09:06.065000+00:00,36.565,51.836,46.244,252,154,false,134.645,2048,2048,2048,2048,2048,2048,2048,2048,2048,2048,2048,2048,2048,2048,2048,2048,2048,2048,2048,2048,2048,2064,2064,2064,284
1219,9161,20,16,2023-09-16T14:16:02.370000+00:00,,55.137,30.268,177,248,true,507.523,2064,2064,2064,2049,2049,2049,2049,2049,2049,2051,2049,2049,2049,2049,2051,2049,2051,2051,2051,2051,2051,2051,2051,
1219,9161,27,16,2023-09-16T14:16:07.838000+00:00,,54.771,39.202,259,242,true,508.389,2064,2064,2064,2049,2049,2049,2049,2049,2049,2049,2049,2049,2049,2051,2049,2049,2049,2049,2049,2049,2049,2049,2049,
1219,9161,14,12,2023-09-16T14:16:11.885000+00:00,,59.223,40.785,250,246,true,588.213,2064,2064,2064,2049,2049,2049,2049,2049,2049,2049,2049,2049,2049,2049,2049,2049,2049,2049,2049,2049,2049,2049,2049,
1219,9161,55,15,2023-09-16T14:16:14.104000+00:00,,51.738,52.466,274,253,true,487.692,2064,2064,2064,2049,2049,2049,2049,2049,2049,2049,2049,2049,2051,2049,2049,2051,2049,2049,2049,2049,2049,2049,2051,
1219,9161,4,15,2023-09-16T14:16:20.823000+00:00,,52.417,41.325,279,247,true,542.58,2064,2064,2064,2049,2049,2049,2049,2049,2049,2049,2051,2051,2049,2049,2049,2049,2049,2049,2049,2049,2049,2049,2051,
1219,9161,16,16,2023-09-16T14:16:24.104000+00:00,,55.821,46.257,211,241,true,484.798,2064,2064,2064,2049,2049,2049,2049,2049,2049,2049,2049,2049,2049,2049,2049,2049,2049,2051,2049,2049,2049,2049,2049,2049,
1219,9161,40,16,2023-09-16T14:16:27.229000+00:00,,60.237,46.84,264,203,true,518.635,2064,2064,2064,2049,2049,2049,2049,2049,2049,2049,2049,2049,2049,2049,2049,2049,2049,2049,2049,2049,2049,2049,2049,
1219,9161,31,13,2023-09-16T14:16:58.666000+00:00,,53.389,47.894,280,248,true,562.909,2064,2064,2064,2049,2049,2049,2049,2049,2049,2049,2049,2049,2049,2049,2049,2049,2049,2049,2049,2049,2049,2049,2049,2049,
1219,9161,63,12,2023-09-16T14:17:20.993000+00:00,,53.615,37.959,275,248,true,586.366,2064,2064,2064,2049,2049,2049,2049,2049,2049,2049,2049,2049,2049,2049,2049,2049,2049,2049,2049,2049,2049,2049,2049,2049,
1219,9161,44,11,2023-09-16T14:17:27.618000+00:00,,53.248,37.572,255,243,true,591.652,2064,2064,2064,2049,2049,2049,2049,2049,2049,2049,2049,2049,2049,2049,2049,2049,2049,2049,2049,2049,2051,2049,2049,2049,
1219,9161,20,17,2023-09-16T14:18:09.649000+00:00,27.076,39.142,26.178,310,278,false,92.396,2049,2051,2049,2049,2049,2049,2049,2049,2049,2049,2049,2049,2049,2049,2051,2049,2051,2051,2049,2051,2051,2051,2051,301
1219,9161,27,17,2023-09-16T14:18:20.383000+00:00,27.206,39.069,26.262,311,279,false,92.537,2049,2049,2049,2049,2049,2049,2049,2049,2049,2049,2049,2049,2049,2049,2049,2049,2049,2049,2051,2049,2051,2049,2049,2049,300
1219,9161,14,13,2023-09-16T14:18:31.789000+00:00,27.099,39.016,26.053,307,277,false,92.168,2049,2049,2049,2049,2049,2049,2049,2049,2049,2049,2049,2049,2049,2049,2049,2051,2049,2049,2049,2051,2049,2049,2049,2048,301
1219,9161,4,16,2023-09-16T14:18:39.023000+00:00,26.876,38.738,25.925,310,279,false,91.539,2049,2049,2049,2049,2051,2049,2049,2049,2049,2049,2051,2049,2049,2049,2049,2049,2051,2051,2049,2049,2051,2049,2051,301
1219,9161,55,16,2023-09-16T14:18:47.414000+00:00,26.881,38.477,25.812,313,280,false,91.17,2051,2049,2049,2051,2049,2049,2049,2051,2049,2051,2049,2051,2049,2049,2049,2049,2049,2049,2051,2049,2049,2051,2049,2051,303
1219,9161,16,17,2023-09-16T14:18:58.007000+00:00,26.878,38.604,25.939,312,280,false,91.421,2049,2049,2049,2049,2049,2049,2051,2049,2049,2049,2049,2049,2049,2051,2049,2049,2049,2049,2049,2049,2049,2049,2049,302
1219,9161,40,17,2023-09-16T14:19:05.601000+00:00,27.376,39.092,26.343,306,276,false,92.811,2049,2049,2049,2049,2049,2049,2049,2049,2049,2049,2049,2049,2049,2049,2049,2049,2049,2049,2049,2049,2049,2049,2049,2049,297
1219,9161,31,14,2023-09-16T14:19:13.679000+00:00,27.252,39.1,26.212,308,277,false,92.564,2049,2049,2049,2049,2049,2049,2049,2049,2049,2049,2049,2049,2049,2049,2049,2049,2049,2049,2049,2049,2049,2049,2049,2048,299
1219,9161,63,13,2023-09-16T14:19:27.132000+00:00,26.872,38.787,26.141,307,277,false,91.8,2049,2049,2051,2049,2049,2051,2049,2049,2049,2049,2049,2049,2051,2049,2049,2049,2049,2049,2049,2049,2049,2049,2048,2048,300
1219,9161,44,12,2023-09-16T14:19:34.678000+00:00,27.01,38.764,26.136,309,278,false,91.91,2049,2049,2049,2049,2049,2049,2049,2049,2051,2049,2049,2049,2049,2049,2049,2049,2049,2049,2051,2049,2049,2049,2049,2048,300
1219,9161,20,18,2023-09-16T14:19:42.069000+00:00,31.453,45.259,36.996,263,247,false,113.708,2048,2048,2048,2048,2048,2048,2048,2048,2048,2048,2048,2048,2048,2048,2048,2048,2048,2048,2048,2048,2048,2064,2064,2064,293
1219,9161,27,18,2023-09-16T14:19:52.897000+00:00,31.157,44.695,37.2,273,235,false,113.052,2048,2048,2048,2048,2048,2048,2048,2048,2048,2048,2048,2048,2048,2048,2048,2048,2048,2048,2048,2048,2048,2064,2064,2064,280
1219,9161,14,14,2023-09-16T14:20:03.928000+00:00,30.283,44.899,39.039,233,207,false,114.221,2048,2048,2048,2048,2048,2048,2048,2048,2048,2048,2048,2048,2048,2048,2048,2048,2048,2048,2048,2048,2048,2064,2064,2064,246
1219,9161,4,17,2023-09-16T14:20:10.615000+00:00,31.705,47.613,39.951,216,210,false,119.269,2048,2048,2048,2048,2048,2048,2048,2048,2048,2048,2048,2048,2048,2048,2048,2048,2048,2048,2048,2048,2048,2064,2064,2064,244
1219,9161,55,17,2023-09-16T14:20:18.584000+00:00,33.179,45.481,38.16,246,233,false,116.82,2048,2048,2048,2048,2048,2048,2048,2048,2048,2048,2048,2048,2048,2048,2048,2048,2048,2048,2048,2048,2048,2064,2064,2064,265
1219,9161,16,18,2023-09-16T14:20:29.365000+00:00,30.831,42.903,37.091,277,251,false,110.825,2048,2048,2048,2048,2048,2048,2048,2048,2048,2048,2048,2048,2048,2048,2048,2048,2048,2048,2048,2048,2048,2064,2064,2064,237
1219,9161,40,18,2023-09-16T14:20:38.396000+00:00,34.638,49.036,39.839,231,235,false,123.513,2048,2048,2048,2048,2048,2048,2048,2048,2048,2048,2048,2048,2048,2048,2048,2048,2048,2048,2048,2048,2048,2064,2064,2064,290
1219,9161,31,15,2023-09-16T14:20:46.349000+00:00,33.007,48.763,43.107,204,201,false,124.877,2048,2048,2048,2048,2048,2048,2048,2048,2048,2048,2048,2048,2048,2048,2048,2048,2048,2048,2048,2048,2048,2064,2064,2064,273
1219,9161,63,14,2023-09-16T14:20:59.130000+00:00,34.941,47.996,39.699,272,252,false,122.636,2048,2048,2048,2048,2048,2048,2048,2048,2048,2048,2048,2048,2048,2048,2048,2048,2048,2048,2048,2048,2048,2064,2064,2064,214
1219,9161,44,13,2023-09-16T14:21:06.583000+00:00,32.763,46.218,39.053,241,204,false,118.034,2048,2048,2048,2048,2048,2048,2048,2048,2048,2048,2048,2048,2048,2048,2048,2048,2048,2048,2048,2048,2048,2064,2064,2064,240
1219,9161,20,19,2023-09-16T14:23:49.752000+00:00,,66.236,28.438,134,147,true,271.622,2064,2064,2064,2048,2048,2048,2048,2048,2048,2048,2048,2048,2048,2048,2048,2048,2048,2048,2048,2048,2048,2048,2049,2049,
1219,9161,27,19,2023-09-16T14:23:53.799000+00:00,,63.337,36.052,231,228,true,272.158,2064,2064,2064,2048,2048,2048,2048,2048,2048,2048,2048,2048,2048,2048,2048,2048,2048,2048,2048,2048,2048,2048,2048,2048,
1219,9161,14,15,2023-09-16T14:23:58.393000+00:00,,65.088,39.381,189,258,true,270.006,2064,2064,2064,2048,2048,2048,2048,2048,2048,2048,2048,2048,2048,2048,2048,2048,2048,2048,2048,2048,2048,2048,2048,2049,
1219,9161,55,18,2023-09-16T14:24:00.908000+00:00,,55.206,50.41,288,258,true,264.483,2064,2064,2064,2048,2048,2048,2048,2048,2048,2048,2048,2048,2048,2048,2048,2048,2048,2048,2048,2048,2048,2048,2048,2051,
1219,9161,16,19,2023-09-16T14:24:03.174000+00:00,,57.421,58.254,249,224,true,276.791,2064,2064,2064,2048,2048,2048,2048,2048,2048,2048,2048,2048,2048,2048,2048,2048,2048,2048,2048,2048,2048,2048,2048,2049,
1219,9161,4,18,2023-09-16T14:24:11.486000+00:00,,58.779,46.192,285,254,true,278.605,2064,2064,2064,2048,2048,2048,2048,2048,2048,2048,2048,2048,2048,2048,2048,2048,2048,2048,2048,2048,2048,2048,2048,2048,
1219,9161,40,19,2023-09-16T14:24:33.298000+00:00,,60,53.509,241,203,true,262.001,2064,2064,2064,2048,2048,2048,2048,2048,2048,2048,2048,2048,2048,2048,2048,2048,2048,2048,2048,2048,2048,2048,2048,2048,
1219,9161,31,16,2023-09-16T14:24:37.720000+00:00,,56.105,58.755,283,251,true,260.987,2064,2064,2064,2048,2048,2048,2048,2048,2048,2048,2048,2048,2048,2048,2048,2048,2048,2048,2048,2048,2048,2048,2048,2049,
1219,9161,63,15,2023-09-16T14:25:12.282000+00:00,,58.979,38.086,262,224,true,263.746,2064,2064,2064,2048,2048,2048,2048,2048,2048,2048,2048,2048,2048,2048,2048,2048,2048,2048,2048,2048,2048,2048,2049,2049,
1219,9161,44,14,2023-09-16T14:25:24.766000+00:00,,57.309,36.055,267,249,true,269.168,2064,2064,2064,2048,2048,2048,2048,2048,2048,2048,2048,2048,2048,2048,2048,2048,2048,2048,2048,2048,2048,2048,2049,2049,
1219,9161,20,20,2023-09-16T14:26:07.437000+00:00,26.959,38.606,26.01,311,279,false,91.575,2049,2048,2049,2048,2049,2049,2049,2049,2048,2049,2049,2049,2049,2049,2051,2049,2049,2049,2049,2049,2049,2049,2049,2048,302
1219,9161,27,20,2023-09-16T14:26:18.171000+00:00,26.926,38.738,26.144,312,279,false,91.808,2049,2048,2051,2049,2048,2049,2049,2049,2049,2049,2049,2048,2049,2049,2049,2049,2049,2049,2049,2048,2049,2049,2048,2048,302
1219,9161,14,16,2023-09-16T14:26:28.218000+00:00,26.915,38.791,25.909,309,277,false,91.615,2049,2048,2049,2049,2049,2049,2049,2049,2048,2049,2049,2049,2049,2049,2049,2048,2049,2049,2049,2051,2049,2049,2049,301
1219,9161,55,19,2023-09-16T14:26:39.952000+00:00,26.717,38.499,25.768,312,280,false,90.984,2051,2049,2049,2049,2049,2049,2048,2048,2048,2048,2049,2048,2049,2049,2048,2049,2048,2048,2048,2051,2049,2051,2051,2051,303
1219,9161,4,19,2023-09-16T14:26:48.483000+00:00,26.756,38.666,25.848,310,278,false,91.27,2048,2049,2049,2049,2051,2049,2049,2049,2049,2048,2049,2051,2049,2048,2049,2048,2048,2048,2048,2049,2048,2049,2051,301
1219,9161,16,20,2023-09-16T14:26:57.046000+00:00,26.754,38.428,25.881,313,279,false,91.063,2049,2048,2049,2049,2049,2049,2048,2051,2051,2048,2049,2048,2049,2048,2049,2049,2051,2049,2051,2048,2048,2049,2049,2048,303
1219,9161,40,20,2023-09-16T14:27:03.983000+00:00,27.285,38.752,26.231,307,276,false,92.268,2049,2048,2048,2049,2049,2049,2049,2049,2049,2049,2049,2049,2049,2049,2049,2049,2049,2049,2049,2049,2048,2049,2048,2048,298
1219,9161,31,17,2023-09-16T14:27:12.108000+00:00,26.986,38.703,25.984,309,277,false,91.673,2049,2049,2049,2049,2049,2049,2049,2049,2049,2049,2049,2049,2049,2049,2049,2049,2049,2049,2049,2049,2048,2049,2049,2048,300
1219,9161,63,16,2023-09-16T14:27:25.373000+00:00,26.785,38.406,25.865,308,277,false,91.056,2049,2048,2048,2051,2048,2051,2051,2049,2048,2049,2051,2049,2051,2049,2049,2049,2049,2049,2049,2051,2048,2049,2049,300
1219,9161,44,15,2023-09-16T14:27:33.826000+00:00,26.924,38.599,25.962,309,277,false,91.485,2049,2048,2049,2049,2048,2049,2049,2049,2048,2049,2049,2049,2049,2049,2049,2051,2049,2049,2049,2049,2048,2049,2049,300
1219,9161,20,21,2023-09-16T14:27:38.951000+00:00,37.084,48.239,,258,239,false,,2048,2048,2048,2048,2048,2048,2048,2048,2048,2048,2048,2048,2048,2048,2048,2048,2048,258
1219,9161,27,21,2023-09-16T14:27:50.107000+00:00,34.659,50.219,,240,209,false,,2048,2048,2048,2048,2048,2048,2048,2048,2048,2048,2048,2048,2048,2048,2048,2048,2048,224
1219,9161,14,17,2023-09-16T14:27:59.794000+00:00,34.711,54.151,,193,153,false,,2048,2048,2048,2048,2048,2048,2048,2048,2048,2048,2048,2048,2048,2048,2048,2048,2048,200
1219,9161,55,20,2023-09-16T14:28:10.935000+00:00,38.085,47.681,,178,178,false,,2048,2048,2048,2048,2048,2048,2048,2048,2048,2048,2048,2048,2048,2048,2048,2048,2048,249
1219,9161,4,20,2023-09-16T14:28:19.732000+00:00,33.959,52.166,,202,183,false,,,2048,2048,2048,2048,2048,2048,2048,2048,2048,2048,2048,2048,2048,2048,2048,2048,231
1219,9161,16,21,2023-09-16T14:28:28.810000+00:00,36.075,47.168,,178,168,false,,2048,2048,2048,2048,2048,2048,2048,2048,2048,2048,2048,2048,2048,2048,2048,2048,2048,214
1219,9161,40,21,2023-09-16T14:28:36.184000+00:00,37.118,52.863,,233,212,false,,2048,2048,2048,2048,2048,2048,2048,2048,2048,2048,2048,2048,2048,2048,2048,2048,2048,286
1219,9161,31,18,2023-09-16T14:28:43.716000+00:00,34.689,51.726,,205,172,false,,2048,2048,2048,2048,2048,2048,2048,2048,2048,2048,2048,2048,2048,2048,2048,2048,2048,288
1219,9161,63,17,2023-09-16T14:28:56.387000+00:00,36.577,52.26,,245,242,false,,2048,2048,2048,2048,2048,2048,2048,2048,2048,2048,2048,2048,2048,2048,2048,2048,2048,200
1219,9161,44,16,2023-09-16T14:29:05.262000+00:00,35.791,48.463,,221,172,false,,2048,2048,2048,2048,2048,2048,2048,2048,2048,2048,2048,2048,2048,2048,2048,2048,2048,216